{
  "中環 (Central)": {
    "中環 (Central)": null,
    "金鐘 (Admiralty)": 5.0,
    "銅鑼灣 (Causeway Bay)": 15.0,
    "鰂魚涌 (Quarry Bay)": 20.0,
    "跑馬地 (Happy Valley)": 15.0,
    "半山區 (Mid-Levels)": 10.0,
    "數碼港/薄扶林 (Cyberport/Pok Fu Lam)": 20.0,
    "尖沙咀 (Tsim Sha Tsui)": 15.0,
    "西九龍站 (West Kowloon Station)": 15.0,
    "九龍塘 (Kowloon Tong)": 20.0,
    "觀塘 (Kwun Tong)": 30.0,
    "沙田 (Sha Tin)": 30.0,
    "馬鞍山 (Ma On Shan)": 40.0,
    "九肚山 (Kau To Shan)": 30.0,
    "將軍澳 (Tseung Kwan O)": 30.0,
    "粉嶺/上水 (Fanling/Sheung Shui)": 40.0,
    "西貢 (Sai Kung)": 40.0,
    "荃灣 (Tsuen Wan)": 30.0,
    "屯門 (Tuen Mun)": 40.0,
    "元朗 (Yuen Long)": 40.0,
    "東涌 (Tung Chung)": 30.0,
    "香港國際機場 (HK International Airport)": 30.0,
    "港珠澳大橋香港口岸 (HZMB Hong Kong Port)": 40.0,
    "落馬洲/福田口岸 (Lok Ma Chau/Futian Port)": 40.0,
    "深圳灣口岸 (Shenzhen Bay Port)": 30.0
  },
  "金鐘 (Admiralty)": {
    "中環 (Central)": 5.0,
    "金鐘 (Admiralty)": null,
    "銅鑼灣 (Causeway Bay)": 10.0,
    "鰂魚涌 (Quarry Bay)": 20.0,
    "跑馬地 (Happy Valley)": 10.0,
    "半山區 (Mid-Levels)": 15.0,
    "數碼港/薄扶林 (Cyberport/Pok Fu Lam)": 20.0,
    "尖沙咀 (Tsim Sha Tsui)": 15.0,
    "西九龍站 (West Kowloon Station)": 15.0,
    "九龍塘 (Kowloon Tong)": 20.0,
    "觀塘 (Kwun Tong)": 30.0,
    "沙田 (Sha Tin)": 30.0,
    "馬鞍山 (Ma On Shan)": 40.0,
    "九肚山 (Kau To Shan)": 30.0,
    "將軍澳 (Tseung Kwan O)": 30.0,
    "粉嶺/上水 (Fanling/Sheung Shui)": 40.0,
    "西貢 (Sai Kung)": 40.0,
    "荃灣 (Tsuen Wan)": 30.0,
    "屯門 (Tuen Mun)": 40.0,
    "元朗 (Yuen Long)": 40.0,
    "東涌 (Tung Chung)": 40.0,
    "香港國際機場 (HK International Airport)": 40.0,
    "港珠澳大橋香港口岸 (HZMB Hong Kong Port)": 40.0,
    "落馬洲/福田口岸 (Lok Ma Chau/Futian Port)": 40.0,
    "深圳灣口岸 (Shenzhen Bay Port)": 40.0
  },
  "銅鑼灣 (Causeway Bay)": {
    "中環 (Central)": 15.0,
    "金鐘 (Admiralty)": 10.0,
    "銅鑼灣 (Causeway Bay)": null,
    "鰂魚涌 (Quarry Bay)": 15.0,
    "跑馬地 (Happy Valley)": 10.0,
    "半山區 (Mid-Levels)": 20.0,
    "數碼港/薄扶林 (Cyberport/Pok Fu Lam)": 30.0,
    "尖沙咀 (Tsim Sha Tsui)": 20.0,
    "西九龍站 (West Kowloon Station)": 20.0,
    "九龍塘 (Kowloon Tong)": 20.0,
    "觀塘 (Kwun Tong)": 20.0,
    "沙田 (Sha Tin)": 30.0,
    "馬鞍山 (Ma On Shan)": 30.0,
    "九肚山 (Kau To Shan)": 30.0,
    "將軍澳 (Tseung Kwan O)": 20.0,
    "粉嶺/上水 (Fanling/Sheung Shui)": 40.0,
    "西貢 (Sai Kung)": 30.0,
    "荃灣 (Tsuen Wan)": 30.0,
    "屯門 (Tuen Mun)": 40.0,
    "元朗 (Yuen Long)": 41.0,
    "東涌 (Tung Chung)": 40.0,
    "香港國際機場 (HK International Airport)": 40.0,
    "港珠澳大橋香港口岸 (HZMB Hong Kong Port)": 40.0,
    "落馬洲/福田口岸 (Lok Ma Chau/Futian Port)": 40.0,
    "深圳灣口岸 (Shenzhen Bay Port)": 40.0
  },
  "鰂魚涌 (Quarry Bay)": {
    "中環 (Central)": 20.0,
    "金鐘 (Admiralty)": 20.0,
    "銅鑼灣 (Causeway Bay)": 15.0,
    "鰂魚涌 (Quarry Bay)": null,
    "跑馬地 (Happy Valley)": 20.0,
    "半山區 (Mid-Levels)": 30.0,
    "數碼港/薄扶林 (Cyberport/Pok Fu Lam)": 30.0,
    "尖沙咀 (Tsim Sha Tsui)": 20.0,
    "西九龍站 (West Kowloon Station)": 20.0,
    "九龍塘 (Kowloon Tong)": 20.0,
    "觀塘 (Kwun Tong)": 15.0,
    "沙田 (Sha Tin)": 20.0,
    "馬鞍山 (Ma On Shan)": 20.0,
    "九肚山 (Kau To Shan)": 20.0,
    "將軍澳 (Tseung Kwan O)": 15.0,
    "粉嶺/上水 (Fanling/Sheung Shui)": 30.0,
    "西貢 (Sai Kung)": 20.0,
    "荃灣 (Tsuen Wan)": 30.0,
    "屯門 (Tuen Mun)": 40.0,
    "元朗 (Yuen Long)": 41.0,
    "東涌 (Tung Chung)": 40.0,
    "香港國際機場 (HK International Airport)": 40.0,
    "港珠澳大橋香港口岸 (HZMB Hong Kong Port)": 40.0,
    "落馬洲/福田口岸 (Lok Ma Chau/Futian Port)": 40.0,
    "深圳灣口岸 (Shenzhen Bay Port)": 40.0
  },
  "跑馬地 (Happy Valley)": {
    "中環 (Central)": 15.0,
    "金鐘 (Admiralty)": 10.0,
    "銅鑼灣 (Causeway Bay)": 10.0,
    "鰂魚涌 (Quarry Bay)": 20.0,
    "跑馬地 (Happy Valley)": null,
    "半山區 (Mid-Levels)": 20.0,
    "數碼港/薄扶林 (Cyberport/Pok Fu Lam)": 30.0,
    "尖沙咀 (Tsim Sha Tsui)": 20.0,
    "西九龍站 (West Kowloon Station)": 20.0,
    "九龍塘 (Kowloon Tong)": 20.0,
    "觀塘 (Kwun Tong)": 30.0,
    "沙田 (Sha Tin)": 30.0,
    "馬鞍山 (Ma On Shan)": 40.0,
    "九肚山 (Kau To Shan)": 30.0,
    "將軍澳 (Tseung Kwan O)": 30.0,
    "粉嶺/上水 (Fanling/Sheung Shui)": 40.0,
    "西貢 (Sai Kung)": 40.0,
    "荃灣 (Tsuen Wan)": 30.0,
    "屯門 (Tuen Mun)": 40.0,
    "元朗 (Yuen Long)": 41.0,
    "東涌 (Tung Chung)": 40.0,
    "香港國際機場 (HK International Airport)": 40.0,
    "港珠澳大橋香港口岸 (HZMB Hong Kong Port)": 40.0,
    "落馬洲/福田口岸 (Lok Ma Chau/Futian Port)": 40.0,
    "深圳灣口岸 (Shenzhen Bay Port)": 40.0
  },
  "半山區 (Mid-Levels)": {
    "中環 (Central)": 10.0,
    "金鐘 (Admiralty)": 15.0,
    "銅鑼灣 (Causeway Bay)": 20.0,
    "鰂魚涌 (Quarry Bay)": 30.0,
    "跑馬地 (Happy Valley)": 20.0,
    "半山區 (Mid-Levels)": null,
    "數碼港/薄扶林 (Cyberport/Pok Fu Lam)": 20.0,
    "尖沙咀 (Tsim Sha Tsui)": 20.0,
    "西九龍站 (West Kowloon Station)": 20.0,
    "九龍塘 (Kowloon Tong)": 30.0,
    "觀塘 (Kwun Tong)": 30.0,
    "沙田 (Sha Tin)": 30.0,
    "馬鞍山 (Ma On Shan)": 40.0,
    "九肚山 (Kau To Shan)": 40.0,
    "將軍澳 (Tseung Kwan O)": 40.0,
    "粉嶺/上水 (Fanling/Sheung Shui)": 40.0,
    "西貢 (Sai Kung)": 40.0,
    "荃灣 (Tsuen Wan)": 30.0,
    "屯門 (Tuen Mun)": 40.0,
    "元朗 (Yuen Long)": 41.0,
    "東涌 (Tung Chung)": 40.0,
    "香港國際機場 (HK International Airport)": 40.0,
    "港珠澳大橋香港口岸 (HZMB Hong Kong Port)": 40.0,
    "落馬洲/福田口岸 (Lok Ma Chau/Futian Port)": 40.0,
    "深圳灣口岸 (Shenzhen Bay Port)": 40.0
  },
  "數碼港/薄扶林 (Cyberport/Pok Fu Lam)": {
    "中環 (Central)": 20.0,
    "金鐘 (Admiralty)": 20.0,
    "銅鑼灣 (Causeway Bay)": 30.0,
    "鰂魚涌 (Quarry Bay)": 30.0,
    "跑馬地 (Happy Valley)": 30.0,
    "半山區 (Mid-Levels)": 20.0,
    "數碼港/薄扶林 (Cyberport/Pok Fu Lam)": null,
    "尖沙咀 (Tsim Sha Tsui)": 30.0,
    "西九龍站 (West Kowloon Station)": 30.0,
    "九龍塘 (Kowloon Tong)": 40.0,
    "觀塘 (Kwun Tong)": 40.0,
    "沙田 (Sha Tin)": 40.0,
    "馬鞍山 (Ma On Shan)": 41.0,
    "九肚山 (Kau To Shan)": 40.0,
    "將軍澳 (Tseung Kwan O)": 41.0,
    "粉嶺/上水 (Fanling/Sheung Shui)": 41.0,
    "西貢 (Sai Kung)": 41.0,
    "荃灣 (Tsuen Wan)": 30.0,
    "屯門 (Tuen Mun)": 40.0,
    "元朗 (Yuen Long)": 40.0,
    "東涌 (Tung Chung)": 30.0,
    "香港國際機場 (HK International Airport)": 30.0,
    "港珠澳大橋香港口岸 (HZMB Hong Kong Port)": 30.0,
    "落馬洲/福田口岸 (Lok Ma Chau/Futian Port)": 41.0,
    "深圳灣口岸 (Shenzhen Bay Port)": 40.0
  },
  "尖沙咀 (Tsim Sha Tsui)": {
    "中環 (Central)": 15.0,
    "金鐘 (Admiralty)": 15.0,
    "銅鑼灣 (Causeway Bay)": 20.0,
    "鰂魚涌 (Quarry Bay)": 20.0,
    "跑馬地 (Happy Valley)": 20.0,
    "半山區 (Mid-Levels)": 20.0,
    "數碼港/薄扶林 (Cyberport/Pok Fu Lam)": 30.0,
    "尖沙咀 (Tsim Sha Tsui)": null,
    "西九龍站 (West Kowloon Station)": 10.0,
    "九龍塘 (Kowloon Tong)": 15.0,
    "觀塘 (Kwun Tong)": 20.0,
    "沙田 (Sha Tin)": 20.0,
    "馬鞍山 (Ma On Shan)": 30.0,
    "九肚山 (Kau To Shan)": 20.0,
    "將軍澳 (Tseung Kwan O)": 30.0,
    "粉嶺/上水 (Fanling/Sheung Shui)": 30.0,
    "西貢 (Sai Kung)": 40.0,
    "荃灣 (Tsuen Wan)": 20.0,
    "屯門 (Tuen Mun)": 30.0,
    "元朗 (Yuen Long)": 40.0,
    "東涌 (Tung Chung)": 30.0,
    "香港國際機場 (HK International Airport)": 30.0,
    "港珠澳大橋香港口岸 (HZMB Hong Kong Port)": 30.0,
    "落馬洲/福田口岸 (Lok Ma Chau/Futian Port)": 30.0,
    "深圳灣口岸 (Shenzhen Bay Port)": 30.0
  },
  "西九龍站 (West Kowloon Station)": {
    "中環 (Central)": 15.0,
    "金鐘 (Admiralty)": 15.0,
    "銅鑼灣 (Causeway Bay)": 20.0,
    "鰂魚涌 (Quarry Bay)": 20.0,
    "跑馬地 (Happy Valley)": 20.0,
    "半山區 (Mid-Levels)": 20.0,
    "數碼港/薄扶林 (Cyberport/Pok Fu Lam)": 30.0,
    "尖沙咀 (Tsim Sha Tsui)": 10.0,
    "西九龍站 (West Kowloon Station)": null,
    "九龍塘 (Kowloon Tong)": 15.0,
    "觀塘 (Kwun Tong)": 20.0,
    "沙田 (Sha Tin)": 20.0,
    "馬鞍山 (Ma On Shan)": 30.0,
    "九肚山 (Kau To Shan)": 20.0,
    "將軍澳 (Tseung Kwan O)": 30.0,
    "粉嶺/上水 (Fanling/Sheung Shui)": 30.0,
    "西貢 (Sai Kung)": 40.0,
    "荃灣 (Tsuen Wan)": 20.0,
    "屯門 (Tuen Mun)": 30.0,
    "元朗 (Yuen Long)": 30.0,
    "東涌 (Tung Chung)": 30.0,
    "香港國際機場 (HK International Airport)": 30.0,
    "港珠澳大橋香港口岸 (HZMB Hong Kong Port)": 30.0,
    "落馬洲/福田口岸 (Lok Ma Chau/Futian Port)": 30.0,
    "深圳灣口岸 (Shenzhen Bay Port)": 30.0
  },
  "九龍塘 (Kowloon Tong)": {
    "中環 (Central)": 20.0,
    "金鐘 (Admiralty)": 20.0,
    "銅鑼灣 (Causeway Bay)": 20.0,
    "鰂魚涌 (Quarry Bay)": 20.0,
    "跑馬地 (Happy Valley)": 20.0,
    "半山區 (Mid-Levels)": 30.0,
    "數碼港/薄扶林 (Cyberport/Pok Fu Lam)": 40.0,
    "尖沙咀 (Tsim Sha Tsui)": 15.0,
    "西九龍站 (West Kowloon Station)": 15.0,
    "九龍塘 (Kowloon Tong)": null,
    "觀塘 (Kwun Tong)": 15.0,
    "沙田 (Sha Tin)": 10.0,
    "馬鞍山 (Ma On Shan)": 20.0,
    "九肚山 (Kau To Shan)": 10.0,
    "將軍澳 (Tseung Kwan O)": 30.0,
    "粉嶺/上水 (Fanling/Sheung Shui)": 20.0,
    "西貢 (Sai Kung)": 30.0,
    "荃灣 (Tsuen Wan)": 20.0,
    "屯門 (Tuen Mun)": 30.0,
    "元朗 (Yuen Long)": 30.0,
    "東涌 (Tung Chung)": 30.0,
    "香港國際機場 (HK International Airport)": 30.0,
    "港珠澳大橋香港口岸 (HZMB Hong Kong Port)": 40.0,
    "落馬洲/福田口岸 (Lok Ma Chau/Futian Port)": 30.0,
    "深圳灣口岸 (Shenzhen Bay Port)": 30.0
  },
  "觀塘 (Kwun Tong)": {
    "中環 (Central)": 30.0,
    "金鐘 (Admiralty)": 30.0,
    "銅鑼灣 (Causeway Bay)": 20.0,
    "鰂魚涌 (Quarry Bay)": 15.0,
    "跑馬地 (Happy Valley)": 30.0,
    "半山區 (Mid-Levels)": 30.0,
    "數碼港/薄扶林 (Cyberport/Pok Fu Lam)": 40.0,
    "尖沙咀 (Tsim Sha Tsui)": 20.0,
    "西九龍站 (West Kowloon Station)": 20.0,
    "九龍塘 (Kowloon Tong)": 15.0,
    "觀塘 (Kwun Tong)": null,
    "沙田 (Sha Tin)": 15.0,
    "馬鞍山 (Ma On Shan)": 20.0,
    "九肚山 (Kau To Shan)": 15.0,
    "將軍澳 (Tseung Kwan O)": 15.0,
    "粉嶺/上水 (Fanling/Sheung Shui)": 30.0,
    "西貢 (Sai Kung)": 20.0,
    "荃灣 (Tsuen Wan)": 20.0,
    "屯門 (Tuen Mun)": 30.0,
    "元朗 (Yuen Long)": 40.0,
    "東涌 (Tung Chung)": 40.0,
    "香港國際機場 (HK International Airport)": 40.0,
    "港珠澳大橋香港口岸 (HZMB Hong Kong Port)": 40.0,
    "落馬洲/福田口岸 (Lok Ma Chau/Futian Port)": 30.0,
    "深圳灣口岸 (Shenzhen Bay Port)": 40.0
  },
  "沙田 (Sha Tin)": {
    "中環 (Central)": 30.0,
    "金鐘 (Admiralty)": 30.0,
    "銅鑼灣 (Causeway Bay)": 30.0,
    "鰂魚涌 (Quarry Bay)": 20.0,
    "跑馬地 (Happy Valley)": 30.0,
    "半山區 (Mid-Levels)": 30.0,
    "數碼港/薄扶林 (Cyberport/Pok Fu Lam)": 40.0,
    "尖沙咀 (Tsim Sha Tsui)": 20.0,
    "西九龍站 (West Kowloon Station)": 20.0,
    "九龍塘 (Kowloon Tong)": 10.0,
    "觀塘 (Kwun Tong)": 15.0,
    "沙田 (Sha Tin)": null,
    "馬鞍山 (Ma On Shan)": 15.0,
    "九肚山 (Kau To Shan)": 5.0,
    "將軍澳 (Tseung Kwan O)": 30.0,
    "粉嶺/上水 (Fanling/Sheung Shui)": 20.0,
    "西貢 (Sai Kung)": 20.0,
    "荃灣 (Tsuen Wan)": 20.0,
    "屯門 (Tuen Mun)": 30.0,
    "元朗 (Yuen Long)": 30.0,
    "東涌 (Tung Chung)": 30.0,
    "香港國際機場 (HK International Airport)": 30.0,
    "港珠澳大橋香港口岸 (HZMB Hong Kong Port)": 40.0,
    "落馬洲/福田口岸 (Lok Ma Chau/Futian Port)": 20.0,
    "深圳灣口岸 (Shenzhen Bay Port)": 30.0
  },
  "馬鞍山 (Ma On Shan)": {
    "中環 (Central)": 40.0,
    "金鐘 (Admiralty)": 40.0,
    "銅鑼灣 (Causeway Bay)": 30.0,
    "鰂魚涌 (Quarry Bay)": 20.0,
    "跑馬地 (Happy Valley)": 40.0,
    "半山區 (Mid-Levels)": 40.0,
    "數碼港/薄扶林 (Cyberport/Pok Fu Lam)": 41.0,
    "尖沙咀 (Tsim Sha Tsui)": 30.0,
    "西九龍站 (West Kowloon Station)": 30.0,
    "九龍塘 (Kowloon Tong)": 20.0,
    "觀塘 (Kwun Tong)": 20.0,
    "沙田 (Sha Tin)": 15.0,
    "馬鞍山 (Ma On Shan)": null,
    "九肚山 (Kau To Shan)": 15.0,
    "將軍澳 (Tseung Kwan O)": 20.0,
    "粉嶺/上水 (Fanling/Sheung Shui)": 30.0,
    "西貢 (Sai Kung)": 15.0,
    "荃灣 (Tsuen Wan)": 30.0,
    "屯門 (Tuen Mun)": 40.0,
    "元朗 (Yuen Long)": 40.0,
    "東涌 (Tung Chung)": 40.0,
    "香港國際機場 (HK International Airport)": 40.0,
    "港珠澳大橋香港口岸 (HZMB Hong Kong Port)": 40.0,
    "落馬洲/福田口岸 (Lok Ma Chau/Futian Port)": 30.0,
    "深圳灣口岸 (Shenzhen Bay Port)": 40.0
  },
  "九肚山 (Kau To Shan)": {
    "中環 (Central)": 30.0,
    "金鐘 (Admiralty)": 30.0,
    "銅鑼灣 (Causeway Bay)": 30.0,
    "鰂魚涌 (Quarry Bay)": 20.0,
    "跑馬地 (Happy Valley)": 30.0,
    "半山區 (Mid-Levels)": 40.0,
    "數碼港/薄扶林 (Cyberport/Pok Fu Lam)": 40.0,
    "尖沙咀 (Tsim Sha Tsui)": 20.0,
    "西九龍站 (West Kowloon Station)": 20.0,
    "九龍塘 (Kowloon Tong)": 10.0,
    "觀塘 (Kwun Tong)": 15.0,
    "沙田 (Sha Tin)": 5.0,
    "馬鞍山 (Ma On Shan)": 15.0,
    "九肚山 (Kau To Shan)": null,
    "將軍澳 (Tseung Kwan O)": 30.0,
    "粉嶺/上水 (Fanling/Sheung Shui)": 20.0,
    "西貢 (Sai Kung)": 20.0,
    "荃灣 (Tsuen Wan)": 20.0,
    "屯門 (Tuen Mun)": 30.0,
    "元朗 (Yuen Long)": 30.0,
    "東涌 (Tung Chung)": 40.0,
    "香港國際機場 (HK International Airport)": 40.0,
    "港珠澳大橋香港口岸 (HZMB Hong Kong Port)": 40.0,
    "落馬洲/福田口岸 (Lok Ma Chau/Futian Port)": 20.0,
    "深圳灣口岸 (Shenzhen Bay Port)": 30.0
  },
  "將軍澳 (Tseung Kwan O)": {
    "中環 (Central)": 30.0,
    "金鐘 (Admiralty)": 30.0,
    "銅鑼灣 (Causeway Bay)": 20.0,
    "鰂魚涌 (Quarry Bay)": 15.0,
    "跑馬地 (Happy Valley)": 30.0,
    "半山區 (Mid-Levels)": 40.0,
    "數碼港/薄扶林 (Cyberport/Pok Fu Lam)": 41.0,
    "尖沙咀 (Tsim Sha Tsui)": 30.0,
    "西九龍站 (West Kowloon Station)": 30.0,
    "九龍塘 (Kowloon Tong)": 30.0,
    "觀塘 (Kwun Tong)": 15.0,
    "沙田 (Sha Tin)": 30.0,
    "馬鞍山 (Ma On Shan)": 20.0,
    "九肚山 (Kau To Shan)": 30.0,
    "將軍澳 (Tseung Kwan O)": null,
    "粉嶺/上水 (Fanling/Sheung Shui)": 40.0,
    "西貢 (Sai Kung)": 20.0,
    "荃灣 (Tsuen Wan)": 40.0,
    "屯門 (Tuen Mun)": 41.0,
    "元朗 (Yuen Long)": 41.0,
    "東涌 (Tung Chung)": 41.0,
    "香港國際機場 (HK International Airport)": 40.0,
    "港珠澳大橋香港口岸 (HZMB Hong Kong Port)": 41.0,
    "落馬洲/福田口岸 (Lok Ma Chau/Futian Port)": 40.0,
    "深圳灣口岸 (Shenzhen Bay Port)": 41.0
  },
  "粉嶺/上水 (Fanling/Sheung Shui)": {
    "中環 (Central)": 40.0,
    "金鐘 (Admiralty)": 40.0,
    "銅鑼灣 (Causeway Bay)": 40.0,
    "鰂魚涌 (Quarry Bay)": 30.0,
    "跑馬地 (Happy Valley)": 40.0,
    "半山區 (Mid-Levels)": 40.0,
    "數碼港/薄扶林 (Cyberport/Pok Fu Lam)": 41.0,
    "尖沙咀 (Tsim Sha Tsui)": 30.0,
    "西九龍站 (West Kowloon Station)": 30.0,
    "九龍塘 (Kowloon Tong)": 20.0,
    "觀塘 (Kwun Tong)": 30.0,
    "沙田 (Sha Tin)": 20.0,
    "馬鞍山 (Ma On Shan)": 30.0,
    "九肚山 (Kau To Shan)": 20.0,
    "將軍澳 (Tseung Kwan O)": 40.0,
    "粉嶺/上水 (Fanling/Sheung Shui)": null,
    "西貢 (Sai Kung)": 30.0,
    "荃灣 (Tsuen Wan)": 30.0,
    "屯門 (Tuen Mun)": 30.0,
    "元朗 (Yuen Long)": 20.0,
    "東涌 (Tung Chung)": 40.0,
    "香港國際機場 (HK International Airport)": 40.0,
    "港珠澳大橋香港口岸 (HZMB Hong Kong Port)": 40.0,
    "落馬洲/福田口岸 (Lok Ma Chau/Futian Port)": 10.0,
    "深圳灣口岸 (Shenzhen Bay Port)": 30.0
  },
  "西貢 (Sai Kung)": {
    "中環 (Central)": 40.0,
    "金鐘 (Admiralty)": 40.0,
    "銅鑼灣 (Causeway Bay)": 30.0,
    "鰂魚涌 (Quarry Bay)": 20.0,
    "跑馬地 (Happy Valley)": 40.0,
    "半山區 (Mid-Levels)": 40.0,
    "數碼港/薄扶林 (Cyberport/Pok Fu Lam)": 41.0,
    "尖沙咀 (Tsim Sha Tsui)": 40.0,
    "西九龍站 (West Kowloon Station)": 40.0,
    "九龍塘 (Kowloon Tong)": 30.0,
    "觀塘 (Kwun Tong)": 20.0,
    "沙田 (Sha Tin)": 20.0,
    "馬鞍山 (Ma On Shan)": 15.0,
    "九肚山 (Kau To Shan)": 20.0,
    "將軍澳 (Tseung Kwan O)": 20.0,
    "粉嶺/上水 (Fanling/Sheung Shui)": 30.0,
    "西貢 (Sai Kung)": null,
    "荃灣 (Tsuen Wan)": 40.0,
    "屯門 (Tuen Mun)": 41.0,
    "元朗 (Yuen Long)": 41.0,
    "東涌 (Tung Chung)": 41.0,
    "香港國際機場 (HK International Airport)": 41.0,
    "港珠澳大橋香港口岸 (HZMB Hong Kong Port)": 41.0,
    "落馬洲/福田口岸 (Lok Ma Chau/Futian Port)": 40.0,
    "深圳灣口岸 (Shenzhen Bay Port)": 41.0
  },
  "荃灣 (Tsuen Wan)": {
    "中環 (Central)": 30.0,
    "金鐘 (Admiralty)": 30.0,
    "銅鑼灣 (Causeway Bay)": 30.0,
    "鰂魚涌 (Quarry Bay)": 30.0,
    "跑馬地 (Happy Valley)": 30.0,
    "半山區 (Mid-Levels)": 30.0,
    "數碼港/薄扶林 (Cyberport/Pok Fu Lam)": 30.0,
    "尖沙咀 (Tsim Sha Tsui)": 20.0,
    "西九龍站 (West Kowloon Station)": 20.0,
    "九龍塘 (Kowloon Tong)": 20.0,
    "觀塘 (Kwun Tong)": 20.0,
    "沙田 (Sha Tin)": 20.0,
    "馬鞍山 (Ma On Shan)": 30.0,
    "九肚山 (Kau To Shan)": 20.0,
    "將軍澳 (Tseung Kwan O)": 40.0,
    "粉嶺/上水 (Fanling/Sheung Shui)": 30.0,
    "西貢 (Sai Kung)": 40.0,
    "荃灣 (Tsuen Wan)": null,
    "屯門 (Tuen Mun)": 20.0,
    "元朗 (Yuen Long)": 20.0,
    "東涌 (Tung Chung)": 20.0,
    "香港國際機場 (HK International Airport)": 20.0,
    "港珠澳大橋香港口岸 (HZMB Hong Kong Port)": 30.0,
    "落馬洲/福田口岸 (Lok Ma Chau/Futian Port)": 30.0,
    "深圳灣口岸 (Shenzhen Bay Port)": 20.0
  },
  "屯門 (Tuen Mun)": {
    "中環 (Central)": 40.0,
    "金鐘 (Admiralty)": 40.0,
    "銅鑼灣 (Causeway Bay)": 40.0,
    "鰂魚涌 (Quarry Bay)": 40.0,
    "跑馬地 (Happy Valley)": 40.0,
    "半山區 (Mid-Levels)": 40.0,
    "數碼港/薄扶林 (Cyberport/Pok Fu Lam)": 40.0,
    "尖沙咀 (Tsim Sha Tsui)": 30.0,
    "西九龍站 (West Kowloon Station)": 30.0,
    "九龍塘 (Kowloon Tong)": 30.0,
    "觀塘 (Kwun Tong)": 30.0,
    "沙田 (Sha Tin)": 30.0,
    "馬鞍山 (Ma On Shan)": 40.0,
    "九肚山 (Kau To Shan)": 30.0,
    "將軍澳 (Tseung Kwan O)": 41.0,
    "粉嶺/上水 (Fanling/Sheung Shui)": 30.0,
    "西貢 (Sai Kung)": 41.0,
    "荃灣 (Tsuen Wan)": 20.0,
    "屯門 (Tuen Mun)": null,
    "元朗 (Yuen Long)": 15.0,
    "東涌 (Tung Chung)": 20.0,
    "香港國際機場 (HK International Airport)": 20.0,
    "港珠澳大橋香港口岸 (HZMB Hong Kong Port)": 20.0,
    "落馬洲/福田口岸 (Lok Ma Chau/Futian Port)": 30.0,
    "深圳灣口岸 (Shenzhen Bay Port)": 15.0
  },
  "元朗 (Yuen Long)": {
    "中環 (Central)": 40.0,
    "金鐘 (Admiralty)": 40.0,
    "銅鑼灣 (Causeway Bay)": 41.0,
    "鰂魚涌 (Quarry Bay)": 41.0,
    "跑馬地 (Happy Valley)": 41.0,
    "半山區 (Mid-Levels)": 41.0,
    "數碼港/薄扶林 (Cyberport/Pok Fu Lam)": 40.0,
    "尖沙咀 (Tsim Sha Tsui)": 40.0,
    "西九龍站 (West Kowloon Station)": 30.0,
    "九龍塘 (Kowloon Tong)": 30.0,
    "觀塘 (Kwun Tong)": 40.0,
    "沙田 (Sha Tin)": 30.0,
    "馬鞍山 (Ma On Shan)": 40.0,
    "九肚山 (Kau To Shan)": 30.0,
    "將軍澳 (Tseung Kwan O)": 41.0,
    "粉嶺/上水 (Fanling/Sheung Shui)": 20.0,
    "西貢 (Sai Kung)": 41.0,
    "荃灣 (Tsuen Wan)": 20.0,
    "屯門 (Tuen Mun)": 15.0,
    "元朗 (Yuen Long)": null,
    "東涌 (Tung Chung)": 30.0,
    "香港國際機場 (HK International Airport)": 30.0,
    "港珠澳大橋香港口岸 (HZMB Hong Kong Port)": 30.0,
    "落馬洲/福田口岸 (Lok Ma Chau/Futian Port)": 20.0,
    "深圳灣口岸 (Shenzhen Bay Port)": 20.0
  },
  "東涌 (Tung Chung)": {
    "中環 (Central)": 30.0,
    "金鐘 (Admiralty)": 40.0,
    "銅鑼灣 (Causeway Bay)": 40.0,
    "鰂魚涌 (Quarry Bay)": 40.0,
    "跑馬地 (Happy Valley)": 40.0,
    "半山區 (Mid-Levels)": 40.0,
    "數碼港/薄扶林 (Cyberport/Pok Fu Lam)": 30.0,
    "尖沙咀 (Tsim Sha Tsui)": 30.0,
    "西九龍站 (West Kowloon Station)": 30.0,
    "九龍塘 (Kowloon Tong)": 30.0,
    "觀塘 (Kwun Tong)": 40.0,
    "沙田 (Sha Tin)": 30.0,
    "馬鞍山 (Ma On Shan)": 40.0,
    "九肚山 (Kau To Shan)": 40.0,
    "將軍澳 (Tseung Kwan O)": 41.0,
    "粉嶺/上水 (Fanling/Sheung Shui)": 40.0,
    "西貢 (Sai Kung)": 41.0,
    "荃灣 (Tsuen Wan)": 20.0,
    "屯門 (Tuen Mun)": 20.0,
    "元朗 (Yuen Long)": 30.0,
    "東涌 (Tung Chung)": null,
    "香港國際機場 (HK International Airport)": 10.0,
    "港珠澳大橋香港口岸 (HZMB Hong Kong Port)": 5.0,
    "落馬洲/福田口岸 (Lok Ma Chau/Futian Port)": 40.0,
    "深圳灣口岸 (Shenzhen Bay Port)": 30.0
  },
  "香港國際機場 (HK International Airport)": {
    "中環 (Central)": 30.0,
    "金鐘 (Admiralty)": 40.0,
    "銅鑼灣 (Causeway Bay)": 40.0,
    "鰂魚涌 (Quarry Bay)": 40.0,
    "跑馬地 (Happy Valley)": 40.0,
    "半山區 (Mid-Levels)": 40.0,
    "數碼港/薄扶林 (Cyberport/Pok Fu Lam)": 30.0,
    "尖沙咀 (Tsim Sha Tsui)": 30.0,
    "西九龍站 (West Kowloon Station)": 30.0,
    "九龍塘 (Kowloon Tong)": 30.0,
    "觀塘 (Kwun Tong)": 40.0,
    "沙田 (Sha Tin)": 30.0,
    "馬鞍山 (Ma On Shan)": 40.0,
    "九肚山 (Kau To Shan)": 40.0,
    "將軍澳 (Tseung Kwan O)": 40.0,
    "粉嶺/上水 (Fanling/Sheung Shui)": 40.0,
    "西貢 (Sai Kung)": 41.0,
    "荃灣 (Tsuen Wan)": 20.0,
    "屯門 (Tuen Mun)": 20.0,
    "元朗 (Yuen Long)": 30.0,
    "東涌 (Tung Chung)": 10.0,
    "香港國際機場 (HK International Airport)": null,
    "港珠澳大橋香港口岸 (HZMB Hong Kong Port)": 10.0,
    "落馬洲/福田口岸 (Lok Ma Chau/Futian Port)": 40.0,
    "深圳灣口岸 (Shenzhen Bay Port)": 30.0
  },
  "港珠澳大橋香港口岸 (HZMB Hong Kong Port)": {
    "中環 (Central)": 40.0,
    "金鐘 (Admiralty)": 40.0,
    "銅鑼灣 (Causeway Bay)": 40.0,
    "鰂魚涌 (Quarry Bay)": 40.0,
    "跑馬地 (Happy Valley)": 40.0,
    "半山區 (Mid-Levels)": 40.0,
    "數碼港/薄扶林 (Cyberport/Pok Fu Lam)": 30.0,
    "尖沙咀 (Tsim Sha Tsui)": 30.0,
    "西九龍站 (West Kowloon Station)": 30.0,
    "九龍塘 (Kowloon Tong)": 40.0,
    "觀塘 (Kwun Tong)": 40.0,
    "沙田 (Sha Tin)": 40.0,
    "馬鞍山 (Ma On Shan)": 40.0,
    "九肚山 (Kau To Shan)": 40.0,
    "將軍澳 (Tseung Kwan O)": 41.0,
    "粉嶺/上水 (Fanling/Sheung Shui)": 40.0,
    "西貢 (Sai Kung)": 41.0,
    "荃灣 (Tsuen Wan)": 30.0,
    "屯門 (Tuen Mun)": 20.0,
    "元朗 (Yuen Long)": 30.0,
    "東涌 (Tung Chung)": 5.0,
    "香港國際機場 (HK International Airport)": 10.0,
    "港珠澳大橋香港口岸 (HZMB Hong Kong Port)": null,
    "落馬洲/福田口岸 (Lok Ma Chau/Futian Port)": 40.0,
    "深圳灣口岸 (Shenzhen Bay Port)": 30.0
  },
  "落馬洲/福田口岸 (Lok Ma Chau/Futian Port)": {
    "中環 (Central)": 40.0,
    "金鐘 (Admiralty)": 40.0,
    "銅鑼灣 (Causeway Bay)": 40.0,
    "鰂魚涌 (Quarry Bay)": 40.0,
    "跑馬地 (Happy Valley)": 40.0,
    "半山區 (Mid-Levels)": 40.0,
    "數碼港/薄扶林 (Cyberport/Pok Fu Lam)": 41.0,
    "尖沙咀 (Tsim Sha Tsui)": 30.0,
    "西九龍站 (West Kowloon Station)": 30.0,
    "九龍塘 (Kowloon Tong)": 30.0,
    "觀塘 (Kwun Tong)": 30.0,
    "沙田 (Sha Tin)": 20.0,
    "馬鞍山 (Ma On Shan)": 30.0,
    "九肚山 (Kau To Shan)": 20.0,
    "將軍澳 (Tseung Kwan O)": 40.0,
    "粉嶺/上水 (Fanling/Sheung Shui)": 10.0,
    "西貢 (Sai Kung)": 40.0,
    "荃灣 (Tsuen Wan)": 30.0,
    "屯門 (Tuen Mun)": 30.0,
    "元朗 (Yuen Long)": 20.0,
    "東涌 (Tung Chung)": 40.0,
    "香港國際機場 (HK International Airport)": 40.0,
    "港珠澳大橋香港口岸 (HZMB Hong Kong Port)": 40.0,
    "落馬洲/福田口岸 (Lok Ma Chau/Futian Port)": null,
    "深圳灣口岸 (Shenzhen Bay Port)": 20.0
  },
  "深圳灣口岸 (Shenzhen Bay Port)": {
    "中環 (Central)": 30.0,
    "金鐘 (Admiralty)": 40.0,
    "銅鑼灣 (Causeway Bay)": 40.0,
    "鰂魚涌 (Quarry Bay)": 40.0,
    "跑馬地 (Happy Valley)": 40.0,
    "半山區 (Mid-Levels)": 40.0,
    "數碼港/薄扶林 (Cyberport/Pok Fu Lam)": 40.0,
    "尖沙咀 (Tsim Sha Tsui)": 30.0,
    "西九龍站 (West Kowloon Station)": 30.0,
    "九龍塘 (Kowloon Tong)": 30.0,
    "觀塘 (Kwun Tong)": 40.0,
    "沙田 (Sha Tin)": 30.0,
    "馬鞍山 (Ma On Shan)": 40.0,
    "九肚山 (Kau To Shan)": 30.0,
    "將軍澳 (Tseung Kwan O)": 41.0,
    "粉嶺/上水 (Fanling/Sheung Shui)": 30.0,
    "西貢 (Sai Kung)": 41.0,
    "荃灣 (Tsuen Wan)": 20.0,
    "屯門 (Tuen Mun)": 15.0,
    "元朗 (Yuen Long)": 20.0,
    "東涌 (Tung Chung)": 30.0,
    "香港國際機場 (HK International Airport)": 30.0,
    "港珠澳大橋香港口岸 (HZMB Hong Kong Port)": 30.0,
    "落馬洲/福田口岸 (Lok Ma Chau/Futian Port)": 20.0,
    "深圳灣口岸 (Shenzhen Bay Port)": null
  }
}